--
-- PostgreSQL database dump
--

-- Dumped from database version 15.8
-- Dumped by pg_dump version 15.10 (Homebrew)

SET statement_timeout = 0;
SET lock_timeout = 0;
SET idle_in_transaction_session_timeout = 0;
SET client_encoding = 'UTF8';
SET standard_conforming_strings = on;
SELECT pg_catalog.set_config('search_path', '', false);
SET check_function_bodies = false;
SET xmloption = content;
SET client_min_messages = warning;
SET row_security = off;

--
-- Data for Name: profiles; Type: TABLE DATA; Schema: public; Owner: -
--

SET SESSION AUTHORIZATION DEFAULT;

ALTER TABLE public.profiles DISABLE TRIGGER ALL;

COPY public.profiles (id, updated_at, username, full_name, avatar_url, website, role) FROM stdin;
88e36666-a465-4865-983b-bf11533d308d	2025-01-26 23:02:39.000517+00	manager.1	Manager 1	\N	\N	user
58e6399e-e881-4b03-8946-2cb7f2ea32dd	2025-01-26 23:02:39.000517+00	manager.2	Manager 2	\N	\N	user
ea3ffafe-f9a4-4374-bf2a-731acd5e476e	2025-01-26 23:02:39.000517+00	manager.3	Manager 3	\N	\N	user
b21fc993-ffe8-47e3-9b54-729affa5907d	2025-01-26 23:02:39.000517+00	manager.4	Manager 4	\N	\N	user
f3d38766-63e9-4d68-ba89-1a751ece2ed8	2025-01-26 23:02:39.000517+00	manager.5	Manager 5	\N	\N	user
8305ddc4-7ffe-44cd-b0b2-6e416414313c	2025-01-26 23:02:39.000517+00	supervisor.1	Supervisor 1	\N	\N	user
db7901ec-5f52-4d15-8594-a108a411b2ff	2025-01-26 23:02:39.000517+00	supervisor.2	Supervisor 2	\N	\N	user
06a6b20d-7e34-43f4-b157-95a61334ecd5	2025-01-26 23:02:39.000517+00	supervisor.3	Supervisor 3	\N	\N	user
a90bb78a-fe75-4ec9-8b95-4c1c044237ba	2025-01-26 23:02:39.000517+00	supervisor.4	Supervisor 4	\N	\N	user
15de29ce-373d-48e6-9925-be7a57f2f38b	2025-01-26 23:02:39.000517+00	supervisor.5	Supervisor 5	\N	\N	user
2cfb3560-0668-46b1-8671-32d8961d1d9e	2025-01-26 23:02:39.000517+00	supervisor.6	Supervisor 6	\N	\N	user
9658f65a-64a7-4538-b80c-64c4198a4517	2025-01-26 23:02:39.000517+00	supervisor.7	Supervisor 7	\N	\N	user
b96d2078-3af7-4bab-b112-8b0e0892e33f	2025-01-26 23:02:39.000517+00	supervisor.8	Supervisor 8	\N	\N	user
228f8208-3c80-446e-8fc2-4d229df85030	2025-01-26 23:02:39.000517+00	supervisor.9	Supervisor 9	\N	\N	user
f15d591a-6bbe-407e-a295-d288a26141b1	2025-01-26 23:02:39.000517+00	supervisor.10	Supervisor 10	\N	\N	user
ba2eb797-a295-4373-95ee-c22eeef99efd	2025-01-26 23:02:39.000517+00	dispatcher.1	Dispatcher 1	\N	\N	user
df238850-9d79-4716-8863-38f99f1caa02	2025-01-26 23:02:39.000517+00	dispatcher.2	Dispatcher 2	\N	\N	user
38f5416a-e72c-47e8-92d5-37022274dac1	2025-01-26 23:02:39.000517+00	dispatcher.3	Dispatcher 3	\N	\N	user
c504a092-4883-4b9f-b270-a7259ccb0980	2025-01-26 23:02:39.000517+00	dispatcher.4	Dispatcher 4	\N	\N	user
51643b51-9603-4151-bbae-1c44037773ba	2025-01-26 23:02:39.000517+00	dispatcher.5	Dispatcher 5	\N	\N	user
11a0b8cd-0c43-46c3-881a-de863307e028	2025-01-26 23:02:39.000517+00	dispatcher.6	Dispatcher 6	\N	\N	user
4f2c808e-133d-4347-8b23-7bbf93ce4076	2025-01-26 23:02:39.000517+00	dispatcher.7	Dispatcher 7	\N	\N	user
4210a367-8419-4f94-960b-62f5ed88987b	2025-01-26 23:02:39.000517+00	dispatcher.8	Dispatcher 8	\N	\N	user
4122eb97-61e1-4a6f-b881-0ed17be5afaa	2025-01-26 23:02:39.000517+00	dispatcher.9	Dispatcher 9	\N	\N	user
e9496599-2f81-47d6-b25c-022f35415e88	2025-01-26 23:02:39.000517+00	dispatcher.10	Dispatcher 10	\N	\N	user
1930302a-ef3a-41e4-aef3-ec2df1a5ca56	2025-01-26 23:02:39.000517+00	dispatcher.11	Dispatcher 11	\N	\N	user
86be5b58-c870-4caf-b2f6-e02792299b3f	2025-01-26 23:02:39.000517+00	dispatcher.12	Dispatcher 12	\N	\N	user
b4407d9b-b746-4574-bbf6-c45ce91c0957	2025-01-26 23:02:39.000517+00	dispatcher.13	Dispatcher 13	\N	\N	user
2a3f190c-1444-4d66-994a-1ef37afcdf40	2025-01-26 23:02:39.000517+00	dispatcher.14	Dispatcher 14	\N	\N	user
1ec91bbc-c74e-4f25-ac5d-4906e72ebf62	2025-01-26 23:02:39.000517+00	dispatcher.15	Dispatcher 15	\N	\N	user
3af5c418-417b-4876-94fb-cd293c48d028	2025-01-26 23:02:39.000517+00	dispatcher.16	Dispatcher 16	\N	\N	user
18ac8eca-1087-4674-99e0-96835e8c4c56	2025-01-26 23:02:39.000517+00	dispatcher.17	Dispatcher 17	\N	\N	user
7c9ff09b-e811-425f-a13f-7056d96c175f	2025-01-26 23:02:39.000517+00	dispatcher.18	Dispatcher 18	\N	\N	user
1a1e42ef-8d31-4965-9114-46179164615b	2025-01-26 23:02:39.000517+00	dispatcher.19	Dispatcher 19	\N	\N	user
4d448dc3-9fa9-46bd-acde-2ffbfebc128d	2025-01-26 23:02:39.000517+00	dispatcher.20	Dispatcher 20	\N	\N	user
39ff2b08-d0e2-4dd6-9052-a5ba40e9c22b	2025-01-26 23:02:39.000517+00	dispatcher.21	Dispatcher 21	\N	\N	user
cbee2dd0-6f00-4673-9269-d12ba921e385	2025-01-26 23:02:39.000517+00	dispatcher.22	Dispatcher 22	\N	\N	user
8be98b01-f612-4b57-807e-ce346d5e5002	2025-01-26 23:02:39.000517+00	dispatcher.23	Dispatcher 23	\N	\N	user
5555999f-23b4-4f07-a621-7aa6b8993742	2025-01-26 23:02:39.000517+00	dispatcher.24	Dispatcher 24	\N	\N	user
3f5eea44-cc8f-4871-9e8a-b98915ff17d6	2025-01-26 23:02:39.000517+00	dispatcher.25	Dispatcher 25	\N	\N	user
a28ed60e-fde5-451f-bdd8-23d9a30653e4	2025-01-26 23:02:39.000517+00	dispatcher.26	Dispatcher 26	\N	\N	user
b899a9d1-0ebd-4ea5-85e7-a01776fa1a2a	2025-01-26 23:02:39.000517+00	dispatcher.27	Dispatcher 27	\N	\N	user
2120e2e7-b818-44f0-addb-16624f687986	2025-01-26 23:02:39.000517+00	dispatcher.28	Dispatcher 28	\N	\N	user
a7f2a27b-c54c-4712-a157-3d6cd4c374f6	2025-01-26 23:02:39.000517+00	dispatcher.29	Dispatcher 29	\N	\N	user
8d121956-4177-4391-88bd-ca311494e422	2025-01-26 23:02:39.000517+00	dispatcher.30	Dispatcher 30	\N	\N	user
46ae2d59-6917-4cc6-af18-bc64f4e3dc54	2025-01-26 23:02:39.000517+00	dispatcher.31	Dispatcher 31	\N	\N	user
f41f1123-97b3-455b-a008-0d97aaee549d	2025-01-26 23:02:39.000517+00	dispatcher.32	Dispatcher 32	\N	\N	user
b83a9d47-38bd-4f75-a998-023fc57a2b61	2025-01-26 23:02:39.000517+00	dispatcher.33	Dispatcher 33	\N	\N	user
15784d00-9805-4455-bb65-49924de4f395	2025-01-26 23:02:39.000517+00	dispatcher.34	Dispatcher 34	\N	\N	user
671fe4eb-7c98-4e20-8c45-b9f518089d60	2025-01-26 23:02:39.000517+00	dispatcher.35	Dispatcher 35	\N	\N	user
\.


ALTER TABLE public.profiles ENABLE TRIGGER ALL;

--
-- Data for Name: shift_types; Type: TABLE DATA; Schema: public; Owner: -
--

ALTER TABLE public.shift_types DISABLE TRIGGER ALL;

COPY public.shift_types (id, name, description, created_at, updated_at) FROM stdin;
a0bb0dda-bc73-4126-ac66-5d331f0fac27	Day Shift Early	Early morning shift starting at 5 AM	2025-01-26 23:02:39.000517+00	2025-01-26 23:02:39.000517+00
b1cc1eeb-cd84-5237-bd77-6e442f1fbd38	Day Shift	Standard day shift starting at 9 AM	2025-01-26 23:02:39.000517+00	2025-01-26 23:02:39.000517+00
c2dd2ffc-de95-6348-ce88-7f553f2fce49	Swing Shift	Afternoon to evening shift	2025-01-26 23:02:39.000517+00	2025-01-26 23:02:39.000517+00
d3ee3ffd-ef06-7459-df99-8f664f3fdf50	Night Shift	Overnight shift	2025-01-26 23:02:39.000517+00	2025-01-26 23:02:39.000517+00
\.


ALTER TABLE public.shift_types ENABLE TRIGGER ALL;

--
-- Data for Name: employees; Type: TABLE DATA; Schema: public; Owner: -
--

ALTER TABLE public.employees DISABLE TRIGGER ALL;

COPY public.employees (id, user_role, weekly_hours_scheduled, default_shift_type_id, created_at, updated_at, allow_overtime, max_weekly_hours, employee_role) FROM stdin;
88e36666-a465-4865-983b-bf11533d308d	Manager	40	\N	2025-01-26 23:02:39.000517+00	2025-01-27 22:06:44.495826+00	f	40	MANAGER
58e6399e-e881-4b03-8946-2cb7f2ea32dd	Manager	40	\N	2025-01-26 23:02:39.000517+00	2025-01-27 22:06:44.495826+00	f	40	MANAGER
ea3ffafe-f9a4-4374-bf2a-731acd5e476e	Manager	40	\N	2025-01-26 23:02:39.000517+00	2025-01-27 22:06:44.495826+00	f	40	MANAGER
b21fc993-ffe8-47e3-9b54-729affa5907d	Manager	40	\N	2025-01-26 23:02:39.000517+00	2025-01-27 22:06:44.495826+00	f	40	MANAGER
f3d38766-63e9-4d68-ba89-1a751ece2ed8	Manager	40	\N	2025-01-26 23:02:39.000517+00	2025-01-27 22:06:44.495826+00	f	40	MANAGER
8305ddc4-7ffe-44cd-b0b2-6e416414313c	Employee	40	\N	2025-01-26 23:02:39.000517+00	2025-01-27 22:06:44.495826+00	f	40	SUPERVISOR
db7901ec-5f52-4d15-8594-a108a411b2ff	Employee	40	\N	2025-01-26 23:02:39.000517+00	2025-01-27 22:06:44.495826+00	f	40	SUPERVISOR
a90bb78a-fe75-4ec9-8b95-4c1c044237ba	Employee	40	\N	2025-01-26 23:02:39.000517+00	2025-01-27 22:06:44.495826+00	f	40	SUPERVISOR
15de29ce-373d-48e6-9925-be7a57f2f38b	Employee	40	\N	2025-01-26 23:02:39.000517+00	2025-01-27 22:06:44.495826+00	f	40	SUPERVISOR
2cfb3560-0668-46b1-8671-32d8961d1d9e	Employee	40	\N	2025-01-26 23:02:39.000517+00	2025-01-27 22:06:44.495826+00	f	40	SUPERVISOR
9658f65a-64a7-4538-b80c-64c4198a4517	Employee	40	\N	2025-01-26 23:02:39.000517+00	2025-01-27 22:06:44.495826+00	f	40	SUPERVISOR
b96d2078-3af7-4bab-b112-8b0e0892e33f	Employee	40	\N	2025-01-26 23:02:39.000517+00	2025-01-27 22:06:44.495826+00	f	40	SUPERVISOR
228f8208-3c80-446e-8fc2-4d229df85030	Employee	40	\N	2025-01-26 23:02:39.000517+00	2025-01-27 22:06:44.495826+00	f	40	SUPERVISOR
f15d591a-6bbe-407e-a295-d288a26141b1	Employee	40	\N	2025-01-26 23:02:39.000517+00	2025-01-27 22:06:44.495826+00	f	40	SUPERVISOR
ba2eb797-a295-4373-95ee-c22eeef99efd	Employee	40	\N	2025-01-26 23:02:39.000517+00	2025-01-27 22:06:44.495826+00	f	40	STAFF
df238850-9d79-4716-8863-38f99f1caa02	Employee	40	\N	2025-01-26 23:02:39.000517+00	2025-01-27 22:06:44.495826+00	f	40	STAFF
38f5416a-e72c-47e8-92d5-37022274dac1	Employee	40	\N	2025-01-26 23:02:39.000517+00	2025-01-27 22:06:44.495826+00	f	40	STAFF
c504a092-4883-4b9f-b270-a7259ccb0980	Employee	40	\N	2025-01-26 23:02:39.000517+00	2025-01-27 22:06:44.495826+00	f	40	STAFF
51643b51-9603-4151-bbae-1c44037773ba	Employee	40	\N	2025-01-26 23:02:39.000517+00	2025-01-27 22:06:44.495826+00	f	40	STAFF
11a0b8cd-0c43-46c3-881a-de863307e028	Employee	40	\N	2025-01-26 23:02:39.000517+00	2025-01-27 22:06:44.495826+00	f	40	STAFF
4f2c808e-133d-4347-8b23-7bbf93ce4076	Employee	40	\N	2025-01-26 23:02:39.000517+00	2025-01-27 22:06:44.495826+00	f	40	STAFF
4210a367-8419-4f94-960b-62f5ed88987b	Employee	40	\N	2025-01-26 23:02:39.000517+00	2025-01-27 22:06:44.495826+00	f	40	STAFF
4122eb97-61e1-4a6f-b881-0ed17be5afaa	Employee	40	\N	2025-01-26 23:02:39.000517+00	2025-01-27 22:06:44.495826+00	f	40	STAFF
e9496599-2f81-47d6-b25c-022f35415e88	Employee	40	\N	2025-01-26 23:02:39.000517+00	2025-01-27 22:06:44.495826+00	f	40	STAFF
1930302a-ef3a-41e4-aef3-ec2df1a5ca56	Employee	40	\N	2025-01-26 23:02:39.000517+00	2025-01-27 22:06:44.495826+00	f	40	STAFF
86be5b58-c870-4caf-b2f6-e02792299b3f	Employee	40	\N	2025-01-26 23:02:39.000517+00	2025-01-27 22:06:44.495826+00	f	40	STAFF
b4407d9b-b746-4574-bbf6-c45ce91c0957	Employee	40	\N	2025-01-26 23:02:39.000517+00	2025-01-27 22:06:44.495826+00	f	40	STAFF
2a3f190c-1444-4d66-994a-1ef37afcdf40	Employee	40	\N	2025-01-26 23:02:39.000517+00	2025-01-27 22:06:44.495826+00	f	40	STAFF
1ec91bbc-c74e-4f25-ac5d-4906e72ebf62	Employee	40	\N	2025-01-26 23:02:39.000517+00	2025-01-27 22:06:44.495826+00	f	40	STAFF
3af5c418-417b-4876-94fb-cd293c48d028	Employee	40	\N	2025-01-26 23:02:39.000517+00	2025-01-27 22:06:44.495826+00	f	40	STAFF
18ac8eca-1087-4674-99e0-96835e8c4c56	Employee	40	\N	2025-01-26 23:02:39.000517+00	2025-01-27 22:06:44.495826+00	f	40	STAFF
7c9ff09b-e811-425f-a13f-7056d96c175f	Employee	40	\N	2025-01-26 23:02:39.000517+00	2025-01-27 22:06:44.495826+00	f	40	STAFF
1a1e42ef-8d31-4965-9114-46179164615b	Employee	40	\N	2025-01-26 23:02:39.000517+00	2025-01-27 22:06:44.495826+00	f	40	STAFF
4d448dc3-9fa9-46bd-acde-2ffbfebc128d	Employee	40	\N	2025-01-26 23:02:39.000517+00	2025-01-27 22:06:44.495826+00	f	40	STAFF
39ff2b08-d0e2-4dd6-9052-a5ba40e9c22b	Employee	40	\N	2025-01-26 23:02:39.000517+00	2025-01-27 22:06:44.495826+00	f	40	STAFF
cbee2dd0-6f00-4673-9269-d12ba921e385	Employee	40	\N	2025-01-26 23:02:39.000517+00	2025-01-27 22:06:44.495826+00	f	40	STAFF
8be98b01-f612-4b57-807e-ce346d5e5002	Employee	40	\N	2025-01-26 23:02:39.000517+00	2025-01-27 22:06:44.495826+00	f	40	STAFF
5555999f-23b4-4f07-a621-7aa6b8993742	Employee	40	\N	2025-01-26 23:02:39.000517+00	2025-01-27 22:06:44.495826+00	f	40	STAFF
3f5eea44-cc8f-4871-9e8a-b98915ff17d6	Employee	40	\N	2025-01-26 23:02:39.000517+00	2025-01-27 22:06:44.495826+00	f	40	STAFF
a28ed60e-fde5-451f-bdd8-23d9a30653e4	Employee	40	\N	2025-01-26 23:02:39.000517+00	2025-01-27 22:06:44.495826+00	f	40	STAFF
b899a9d1-0ebd-4ea5-85e7-a01776fa1a2a	Employee	40	\N	2025-01-26 23:02:39.000517+00	2025-01-27 22:06:44.495826+00	f	40	STAFF
2120e2e7-b818-44f0-addb-16624f687986	Employee	40	\N	2025-01-26 23:02:39.000517+00	2025-01-27 22:06:44.495826+00	f	40	STAFF
a7f2a27b-c54c-4712-a157-3d6cd4c374f6	Employee	40	\N	2025-01-26 23:02:39.000517+00	2025-01-27 22:06:44.495826+00	f	40	STAFF
8d121956-4177-4391-88bd-ca311494e422	Employee	40	\N	2025-01-26 23:02:39.000517+00	2025-01-27 22:06:44.495826+00	f	40	STAFF
46ae2d59-6917-4cc6-af18-bc64f4e3dc54	Employee	40	\N	2025-01-26 23:02:39.000517+00	2025-01-27 22:06:44.495826+00	f	40	STAFF
f41f1123-97b3-455b-a008-0d97aaee549d	Employee	40	\N	2025-01-26 23:02:39.000517+00	2025-01-27 22:06:44.495826+00	f	40	STAFF
b83a9d47-38bd-4f75-a998-023fc57a2b61	Employee	40	\N	2025-01-26 23:02:39.000517+00	2025-01-27 22:06:44.495826+00	f	40	STAFF
15784d00-9805-4455-bb65-49924de4f395	Employee	40	\N	2025-01-26 23:02:39.000517+00	2025-01-27 22:06:44.495826+00	f	40	STAFF
671fe4eb-7c98-4e20-8c45-b9f518089d60	Employee	40	\N	2025-01-26 23:02:39.000517+00	2025-01-27 22:06:44.495826+00	f	40	STAFF
06a6b20d-7e34-43f4-b157-95a61334ecd5	Employee	40	a0bb0dda-bc73-4126-ac66-5d331f0fac27	2025-01-26 23:02:39.000517+00	2025-01-27 22:06:44.495826+00	f	40	SUPERVISOR
\.


ALTER TABLE public.employees ENABLE TRIGGER ALL;

--
-- Data for Name: shift_patterns; Type: TABLE DATA; Schema: public; Owner: -
--

ALTER TABLE public.shift_patterns DISABLE TRIGGER ALL;

COPY public.shift_patterns (id, name, pattern_type, days_on, days_off, shift_duration, created_at, updated_at) FROM stdin;
27bf724a-3b12-498c-a4a7-dc9b23019eb7	4x10 Standard	4x10	4	3	10	2025-01-26 23:02:39.000517+00	2025-01-26 23:02:39.000517+00
c12a0d05-a2ee-400b-836d-05fa4814afa7	3x12 + 1x4	3x12_1x4	4	3	12	2025-01-26 23:02:39.000517+00	2025-01-26 23:02:39.000517+00
fe504954-8306-4d00-b780-d96522a2fb86	Custom Pattern	Custom	4	3	10	2025-01-26 23:02:39.000517+00	2025-01-26 23:02:39.000517+00
\.


ALTER TABLE public.shift_patterns ENABLE TRIGGER ALL;

--
-- Data for Name: shifts; Type: TABLE DATA; Schema: public; Owner: -
--

ALTER TABLE public.shifts DISABLE TRIGGER ALL;

COPY public.shifts (id, shift_type_id, start_time, end_time, duration_hours, created_at, updated_at, duration_category) FROM stdin;
f7f78d5b-826d-4aa7-8583-0bc0b5015199	a0bb0dda-bc73-4126-ac66-5d331f0fac27	05:00:00	09:00:00	4	2025-01-26 23:02:39.000517+00	2025-01-27 22:06:44.495826+00	REGULAR
c9fd30df-1628-4830-8790-d52bc9edbd9f	a0bb0dda-bc73-4126-ac66-5d331f0fac27	05:00:00	15:00:00	10	2025-01-26 23:02:39.000517+00	2025-01-27 22:06:44.495826+00	REGULAR
150b19ac-f75f-4c9a-baca-5138dbd1d2d4	a0bb0dda-bc73-4126-ac66-5d331f0fac27	05:00:00	17:00:00	12	2025-01-26 23:02:39.000517+00	2025-01-27 22:06:44.495826+00	REGULAR
5c165f59-9f83-4b7d-a43e-0d04f2d3a742	b1cc1eeb-cd84-5237-bd77-6e442f1fbd38	09:00:00	13:00:00	4	2025-01-26 23:02:39.000517+00	2025-01-27 22:06:44.495826+00	REGULAR
c78d72b1-bec5-4306-a7ae-4f081be873f9	b1cc1eeb-cd84-5237-bd77-6e442f1fbd38	09:00:00	19:00:00	10	2025-01-26 23:02:39.000517+00	2025-01-27 22:06:44.495826+00	REGULAR
a19ccef9-d06c-4b95-8405-0606ec2f0828	b1cc1eeb-cd84-5237-bd77-6e442f1fbd38	09:00:00	21:00:00	12	2025-01-26 23:02:39.000517+00	2025-01-27 22:06:44.495826+00	REGULAR
fd018eb6-e18b-48f7-a9ce-95aabe0fc0d0	c2dd2ffc-de95-6348-ce88-7f553f2fce49	13:00:00	17:00:00	4	2025-01-26 23:02:39.000517+00	2025-01-27 22:06:44.495826+00	REGULAR
84b87160-477c-4f0d-b411-6c4683ebf9b0	c2dd2ffc-de95-6348-ce88-7f553f2fce49	13:00:00	23:00:00	10	2025-01-26 23:02:39.000517+00	2025-01-27 22:06:44.495826+00	REGULAR
da74c3d6-4caf-4b13-a306-5da5ea56d15b	c2dd2ffc-de95-6348-ce88-7f553f2fce49	13:00:00	01:00:00	12	2025-01-26 23:02:39.000517+00	2025-01-27 22:06:44.495826+00	REGULAR
c150d82c-dc2d-48f3-866d-569b7712204f	d3ee3ffd-ef06-7459-df99-8f664f3fdf50	21:00:00	01:00:00	4	2025-01-26 23:02:39.000517+00	2025-01-27 22:06:44.495826+00	REGULAR
1db91c74-4034-4cf5-bd12-86b81607ec2b	d3ee3ffd-ef06-7459-df99-8f664f3fdf50	21:00:00	07:00:00	10	2025-01-26 23:02:39.000517+00	2025-01-27 22:06:44.495826+00	REGULAR
b6e8de79-d850-4117-a219-1a200117a130	d3ee3ffd-ef06-7459-df99-8f664f3fdf50	21:00:00	09:00:00	12	2025-01-26 23:02:39.000517+00	2025-01-27 22:06:44.495826+00	REGULAR
\.


ALTER TABLE public.shifts ENABLE TRIGGER ALL;

--
-- Data for Name: staffing_requirements; Type: TABLE DATA; Schema: public; Owner: -
--

ALTER TABLE public.staffing_requirements DISABLE TRIGGER ALL;

COPY public.staffing_requirements (id, period_name, start_time, end_time, minimum_employees, shift_supervisor_required, created_at, updated_at) FROM stdin;
f21b660d-5932-4b84-85a2-e653a4eaeff8	Morning	05:00:00	09:00:00	6	t	2025-01-26 23:02:39.000517+00	2025-01-26 23:02:39.000517+00
92fb3bbe-1698-467d-8ac8-323f5d0d535e	Daytime	09:00:00	21:00:00	8	t	2025-01-26 23:02:39.000517+00	2025-01-26 23:02:39.000517+00
ec72fa33-b50a-4db9-accd-8a338f68e9eb	Evening	21:00:00	01:00:00	7	t	2025-01-26 23:02:39.000517+00	2025-01-26 23:02:39.000517+00
1d6e3074-7bda-48df-bc05-6fc0f4a4ba68	Night	01:00:00	05:00:00	6	t	2025-01-26 23:02:39.000517+00	2025-01-26 23:02:39.000517+00
\.


ALTER TABLE public.staffing_requirements ENABLE TRIGGER ALL;

--
-- PostgreSQL database dump complete
--

